source_repo,source_path,suffix,bytes,lines,sha256,suggested_action,dead_code_candidate,decision_status,target_path,note
ma-reaction-scanner,ma-reaction-scanner/.github/heartbeat-bootstrap,,44,,781984716193648c2dedd458f001dbd6a34990b91531b008ba2165faf4fdf55f,BÖL,false,unverified,,"Veri çekme, hesap ve teslimat sorumlulukları ayrılmalı"
ma-reaction-scanner,ma-reaction-scanner/.github/workflows/ma_market_scan.yml,.yml,10865,284,aa57cb5c3b973e038bdef4a49b7f39ffdf641a5b8564ea3ba4ff4b7c91cd3523,ARŞİV,false,unverified,,Merkezi CI/batch workflow ile karşılaştırılmalı
ma-reaction-scanner,ma-reaction-scanner/.github/workflows/ma_recovery_heartbeat.yml,.yml,3839,92,c77337809b9a27a8c4412b73b0bbf9fd7ac2ff29c38c813f71262306ac9daca3,ARŞİV,false,unverified,,Merkezi CI/batch workflow ile karşılaştırılmalı
ma-reaction-scanner,ma-reaction-scanner/.github/workflows/ma_scheduler_watchdog.yml,.yml,1803,56,dc85442a6f4d177f0dda4767cd94b9679454dadd8ab84eee8a8a50b19ff1c9a3,ARŞİV,false,unverified,,Merkezi CI/batch workflow ile karşılaştırılmalı
ma-reaction-scanner,ma-reaction-scanner/.github/workflows/ma_single_scan.yml,.yml,6358,180,4200abd2f935a2eca32b013be326fdf98d7383fea1c1c59d5180f31e8da6ced3,ARŞİV,false,unverified,,Merkezi CI/batch workflow ile karşılaştırılmalı
ma-reaction-scanner,ma-reaction-scanner/.github/workflows/ma_tests.yml,.yml,954,35,abab5b3e134e46484bc7e9186b9b70106ac83b2a3a4996907c0052acd72c336f,ARŞİV,false,unverified,,Merkezi CI/batch workflow ile karşılaştırılmalı
ma-reaction-scanner,ma-reaction-scanner/.github/workflows/update_bist_lists.yml,.yml,3134,94,761897503d8dce04497acf0af315d42dc2b4d27f3aa68cb7b9d9f9a9a1785e91,ARŞİV,false,unverified,,Merkezi CI/batch workflow ile karşılaştırılmalı
ma-reaction-scanner,ma-reaction-scanner/.gitignore,,102,,1bd4813331297f78f37d97ede78514ff347552cbca2fd3db064ac2c22244e809,BÖL,false,unverified,,"Veri çekme, hesap ve teslimat sorumlulukları ayrılmalı"
ma-reaction-scanner,ma-reaction-scanner/LICENSE,,1094,,2e2925ac45165139f4fc7b19873eb2add11789a37c40be9b10ad93c5ad8da941,BÖL,false,unverified,,"Veri çekme, hesap ve teslimat sorumlulukları ayrılmalı"
ma-reaction-scanner,ma-reaction-scanner/pyproject.toml,.toml,761,34,3c26954af388b67f65c1482b02d1e05416e9c8cce8bc8c0718c6f81ba891558f,BÖL,false,unverified,,"Veri çekme, hesap ve teslimat sorumlulukları ayrılmalı"
ma-reaction-scanner,ma-reaction-scanner/README.md,.md,12387,251,3cf96a239cfc135660c54d29dbd9b172da4b73100c3c56fc57fa4e8a6380ff76,BÖL,false,unverified,,"Veri çekme, hesap ve teslimat sorumlulukları ayrılmalı"
ma-reaction-scanner,ma-reaction-scanner/requirements.txt,.txt,108,6,736022ac10dc5b5975690f8a234e8b701baeb15c70b0904097625edd51538a83,BÖL,false,unverified,,"Veri çekme, hesap ve teslimat sorumlulukları ayrılmalı"
ma-reaction-scanner,ma-reaction-scanner/scanner/__init__.py,.py,54,2,f2394139691463c916cccb02e12874183c97610fa3182d1d4b1865a724c10daa,BÖL,false,unverified,,"Veri çekme, hesap ve teslimat sorumlulukları ayrılmalı"
ma-reaction-scanner,ma-reaction-scanner/scanner/asset_universe.py,.py,11300,362,aee6004ffeafaf91a940befdbab9b5c9bfa7d45cffb2aebabb5dc26ec163254b,BÖL,false,unverified,,"Veri çekme, hesap ve teslimat sorumlulukları ayrılmalı"
ma-reaction-scanner,ma-reaction-scanner/scanner/bist_classification.py,.py,4129,122,0e031a4ba2ba336155c7c9a2a3e6768a4ecadaa879fa18a51f095eda677831d1,BÖL,false,unverified,,"Veri çekme, hesap ve teslimat sorumlulukları ayrılmalı"
ma-reaction-scanner,ma-reaction-scanner/scanner/bist_data_fetcher.py,.py,15828,457,32f91d7bc232c5f225b41b864a4bf3319d0515e273985c32fd12a32c8053fc22,BÖL,false,unverified,,"Veri çekme, hesap ve teslimat sorumlulukları ayrılmalı"
ma-reaction-scanner,ma-reaction-scanner/scanner/data/.gitkeep,,159,,20e7a86f04b481fcaa2f2c988cc7b314a1d0067bccdbe4baf5e854c8027d89cb,BÖL,false,unverified,,"Veri çekme, hesap ve teslimat sorumlulukları ayrılmalı"
ma-reaction-scanner,ma-reaction-scanner/scanner/data/bist_indices.json,.json,32974,1756,d8f0c0ae85591f00229695c4913bffc5b5e62ef20a8e9ad7a0766ccedc7600bd,BÖL,false,unverified,,"Veri çekme, hesap ve teslimat sorumlulukları ayrılmalı"
ma-reaction-scanner,ma-reaction-scanner/scanner/ma_calibration.py,.py,5672,137,7169365535bdda64f5864f176b7211b4a6df2b156a12d15f4b22b2db8c530aa8,BÖL,false,unverified,,"Veri çekme, hesap ve teslimat sorumlulukları ayrılmalı"
ma-reaction-scanner,ma-reaction-scanner/scanner/ma_core.py,.py,231,9,ed6ebbfc448e9d62e85fdf1b83f68e31ee86ada56318588e7c4827092f5e85ae,BÖL,false,unverified,,"Veri çekme, hesap ve teslimat sorumlulukları ayrılmalı"
ma-reaction-scanner,ma-reaction-scanner/scanner/ma_data.py,.py,14481,416,52eb344cb573a6be9397e64fa76b403ce3d191501841cf466adcf2dd0c913856,BÖL,false,unverified,,"Veri çekme, hesap ve teslimat sorumlulukları ayrılmalı"
ma-reaction-scanner,ma-reaction-scanner/scanner/ma_engine.py,.py,40527,942,485fb7b81fe5523ad1c8eb9e10b50b142374259fe1ec961bab283c1e2f66fae7,BÖL,false,unverified,,"Veri çekme, hesap ve teslimat sorumlulukları ayrılmalı"
ma-reaction-scanner,ma-reaction-scanner/scanner/ma_levels.py,.py,17153,407,a0085c894f651932a90152ecf0cd242991fe7ed69da8cd16fc37970fbf0e4bd2,BÖL,false,unverified,,"Veri çekme, hesap ve teslimat sorumlulukları ayrılmalı"
ma-reaction-scanner,ma-reaction-scanner/scanner/ma_notify.py,.py,25882,673,3c021efb1b8f503767aa4c865661dedd612c95a0238951d653f729e619c1d02c,BÖL,false,unverified,,"Veri çekme, hesap ve teslimat sorumlulukları ayrılmalı"
ma-reaction-scanner,ma-reaction-scanner/scanner/ma_relative.py,.py,4015,107,86d70e46e7815328fc268f8161be80b2a3c03cd8120788cfdaca42492f094b93,BÖL,false,unverified,,"Veri çekme, hesap ve teslimat sorumlulukları ayrılmalı"
ma-reaction-scanner,ma-reaction-scanner/scanner/ma_scan.py,.py,46629,1037,499d71fae4724da57a7595aee75b61eaaec161393f1e3625959dfaf03193729d,BÖL,false,unverified,,"Veri çekme, hesap ve teslimat sorumlulukları ayrılmalı"
ma-reaction-scanner,ma-reaction-scanner/scanner/ma_watchlist.py,.py,16828,395,ae85f13ddf9e8e655190fbab4c7ac4e807a6814297193f8cba3f9e95d6c1f25f,BÖL,false,unverified,,"Veri çekme, hesap ve teslimat sorumlulukları ayrılmalı"
ma-reaction-scanner,ma-reaction-scanner/scanner/sector_resolver.py,.py,15392,459,27d0cd8b42f79470ec2843d7f0efa0ec8538c96fefa183b849833758c4fffdfa,BÖL,false,unverified,,"Veri çekme, hesap ve teslimat sorumlulukları ayrılmalı"
ma-reaction-scanner,ma-reaction-scanner/scanner/stock_metadata.py,.py,5583,153,3f61bc4c821bf7c438815d6d21d60596794f01af97ed8e4d3b1e5755bbb808f2,BÖL,false,unverified,,"Veri çekme, hesap ve teslimat sorumlulukları ayrılmalı"
ma-reaction-scanner,ma-reaction-scanner/scanner/telegram_table_image.py,.py,6338,194,5044b1173d425f2dc7df7368bb98f452a239f68008aec75f154c4bf364b98269,BİRLEŞ,false,unverified,,Merkezi listener/publisher/outbox sınırına taşınmalı
ma-reaction-scanner,ma-reaction-scanner/scanner/tickers.py,.py,19274,504,3deb60949fc5a89f1ebf9e2d6abf6c11e9919329553fedde53305873d543ddba,BÖL,false,unverified,,"Veri çekme, hesap ve teslimat sorumlulukları ayrılmalı"
ma-reaction-scanner,ma-reaction-scanner/tests/__init__.py,.py,2,1,7eb70257593da06f682a3ddda54a9d260d4fc514f645237f5ca74b08f8da61a6,TAŞI,false,unverified,,Parity/golden test kaynağı
ma-reaction-scanner,ma-reaction-scanner/tests/test_asset_universe.py,.py,1910,46,ac358da377404c3655393207961d4881ad58e78589fab2ddb9bb67aedd051d3c,TAŞI,false,unverified,,Parity/golden test kaynağı
ma-reaction-scanner,ma-reaction-scanner/tests/test_bist_data_fetcher.py,.py,1462,39,7567e2f2b92096ca6ec6225adccf6a6415909d0532d9d835312be65993e5b2c4,TAŞI,false,unverified,,Parity/golden test kaynağı
ma-reaction-scanner,ma-reaction-scanner/tests/test_data_regressions.py,.py,1058,32,8df5e1b843731ce03bfcb6674a2d7966d3efedce4638d5b0972c3dfa225e9d01,TAŞI,false,unverified,,Parity/golden test kaynağı
ma-reaction-scanner,ma-reaction-scanner/tests/test_ma_calibration.py,.py,3319,80,860baa2700455ff1ad647832990f27897d9abf6af4452cf6cd8056148f653072,TAŞI,false,unverified,,Parity/golden test kaynağı
ma-reaction-scanner,ma-reaction-scanner/tests/test_ma_data.py,.py,3039,80,6ce973e4f6cec3049dc96466ae7732e84a4232d0fc367375cd36c0579a633016,TAŞI,false,unverified,,Parity/golden test kaynağı
ma-reaction-scanner,ma-reaction-scanner/tests/test_ma_engine.py,.py,14232,351,5fafb7de3418a3ed2e707ab7665fad0debcffb71bbbeb8d503c0717bdbcd6cc1,TAŞI,false,unverified,,Parity/golden test kaynağı
ma-reaction-scanner,ma-reaction-scanner/tests/test_ma_levels.py,.py,15220,393,de9b1e0ffcf20ad6c0ffcd8e07b2dc7de6bf45258b313324440e8f532c307c01,TAŞI,false,unverified,,Parity/golden test kaynağı
ma-reaction-scanner,ma-reaction-scanner/tests/test_ma_notify.py,.py,11203,302,a4db4583e9279f75a318ef20969a8f65619ba2c370f1af81488f8d6a0753acf3,TAŞI,false,unverified,,Parity/golden test kaynağı
ma-reaction-scanner,ma-reaction-scanner/tests/test_ma_relative.py,.py,5553,152,4467e0422ec056cb4948bcc090aabd4374ac6ebf8485fa0bb84820cb53e8a801,TAŞI,false,unverified,,Parity/golden test kaynağı
ma-reaction-scanner,ma-reaction-scanner/tests/test_ma_scan.py,.py,18895,441,4e0b9210f93feadf89c2afd63fd44f50c8778abc9a5d80ed8fe98bdc921d8b3e,TAŞI,false,unverified,,Parity/golden test kaynağı
ma-reaction-scanner,ma-reaction-scanner/tests/test_ma_watchlist.py,.py,10873,286,388261eb6ae6a804857c6f02ccf5a5bb9e9b62ca82908dcb8bd53b847643d05f,TAŞI,false,unverified,,Parity/golden test kaynağı
ma-reaction-scanner,ma-reaction-scanner/tests/test_stock_metadata.py,.py,2739,68,811d9e4f8a086840eeb5a173b6591ad890f58787f525aad939755e5e45b0f998,TAŞI,false,unverified,,Parity/golden test kaynağı
market-telegram-suite,market-telegram-suite/.github/workflows/chart-bot.yml,.yml,1504,52,c936a49ee36f61633784ec84a0f72166aa0572651d793cbc0d6868f52d901a6c,ARŞİV,false,unverified,,Merkezi CI/batch workflow ile karşılaştırılmalı
market-telegram-suite,market-telegram-suite/.github/workflows/chart-generate.yml,.yml,2116,70,52ac153c92c94ba1c1199f8c540b8f250047871a8b70a4a7372e3a4304af0ae2,ARŞİV,false,unverified,,Merkezi CI/batch workflow ile karşılaştırılmalı
market-telegram-suite,market-telegram-suite/.github/workflows/ci.yml,.yml,1202,44,11f56e5bd670cbf4b680d465b6f7fef38d0b63dc988409c08b171e4a3c96918e,ARŞİV,false,unverified,,Merkezi CI/batch workflow ile karşılaştırılmalı
market-telegram-suite,market-telegram-suite/.github/workflows/research-report-smoke.yml,.yml,11542,209,eabb92d2fa0522eb1fb38398214cc0de4f0234553ad32d9e6dcf76b48be72230,ARŞİV,false,unverified,,Merkezi CI/batch workflow ile karşılaştırılmalı
market-telegram-suite,market-telegram-suite/.github/workflows/research-telegram-send.yml,.yml,4166,96,7f9b302283e4c1e6acbc1677cf6b0545d51220499b89f802c6eb2271b0dae7cb,ARŞİV,false,unverified,,Merkezi CI/batch workflow ile karşılaştırılmalı
market-telegram-suite,market-telegram-suite/.github/workflows/technical-bot.yml,.yml,2766,77,229b03e326785dc15b98f9b362df1188b73215458863c9136c4a381166322c58,ARŞİV,false,unverified,,Merkezi CI/batch workflow ile karşılaştırılmalı
market-telegram-suite,market-telegram-suite/.github/workflows/technical-scan.yml,.yml,4161,118,6a4561d9efd26139f34adf9190820778fc2002075c336b1dc53b0a3999ee2a3c,ARŞİV,false,unverified,,Merkezi CI/batch workflow ile karşılaştırılmalı
market-telegram-suite,market-telegram-suite/.gitignore,,500,,27208add383eb66a14aaec6c809b4506a2dfd1880801d3e6df38ca2337040075,BİRLEŞ,false,unverified,,Merkezi listener/publisher/outbox sınırına taşınmalı
market-telegram-suite,market-telegram-suite/apps/chart_bot/.env.example,.example,423,,f238edb9c499635413b1b6d38ff1900c7f751804686d70d01a7fd94db8615b63,BİRLEŞ,false,unverified,,Merkezi listener/publisher/outbox sınırına taşınmalı
market-telegram-suite,market-telegram-suite/apps/chart_bot/.gitignore,,125,,5fb7301afcc4e3200ed1179bfc196d1bde532487e701f4706226fc34236db56e,BİRLEŞ,false,unverified,,Merkezi listener/publisher/outbox sınırına taşınmalı
market-telegram-suite,market-telegram-suite/apps/chart_bot/README.md,.md,18652,393,7bd4d86e327d984d0d51b9d7c4e4ba41b5258e1da0ca8677b90b1d5eb34e39d0,BİRLEŞ,false,unverified,,Merkezi listener/publisher/outbox sınırına taşınmalı
market-telegram-suite,market-telegram-suite/apps/chart_bot/requirements.txt,.txt,122,8,06e2eea5ba60fad3c2a2d629f882f3b9cf7ec90a03db1abec1aa25ab872da217,BİRLEŞ,false,unverified,,Merkezi listener/publisher/outbox sınırına taşınmalı
market-telegram-suite,market-telegram-suite/apps/chart_bot/src/__init__.py,.py,0,0,e3b0c44298fc1c149afbf4c8996fb92427ae41e4649b934ca495991b7852b855,BİRLEŞ,false,unverified,,Merkezi listener/publisher/outbox sınırına taşınmalı
market-telegram-suite,market-telegram-suite/apps/chart_bot/src/bist_symbols.py,.py,5739,115,8709d0c595cbbf51a20ce393ffb7804385b3dc3dc8b2a746dbcfe7c50b8168dd,BİRLEŞ,false,unverified,,Merkezi listener/publisher/outbox sınırına taşınmalı
market-telegram-suite,market-telegram-suite/apps/chart_bot/src/bot.py,.py,9242,261,542ce0874d3508b1e9d87259833c0e5377dd98b486a42be8b0aac5670ecfc863,BİRLEŞ,false,unverified,,Merkezi listener/publisher/outbox sınırına taşınmalı
market-telegram-suite,market-telegram-suite/apps/chart_bot/src/bot_runner.py,.py,4098,107,93e05149303aa481239ae7f6fc8f38b988d8f39acd9b382f656cd85589c50be0,BİRLEŞ,false,unverified,,Merkezi listener/publisher/outbox sınırına taşınmalı
market-telegram-suite,market-telegram-suite/apps/chart_bot/src/candlestick_patterns.py,.py,8668,140,0b16ddc0488cf031fbe034eadf976a92d68cc63c3c91ed923847044a242994ef,BİRLEŞ,false,unverified,,Merkezi listener/publisher/outbox sınırına taşınmalı
market-telegram-suite,market-telegram-suite/apps/chart_bot/src/cli.py,.py,10631,238,25ad813fdfb80d012904f6ac6e0cbb8fcbfe713c079dd240bb773079078b12ef,BİRLEŞ,false,unverified,,Merkezi listener/publisher/outbox sınırına taşınmalı
market-telegram-suite,market-telegram-suite/apps/chart_bot/src/compose.py,.py,3698,106,2cd2b66dacef86900d068a215f2fd8ee88e66552b89b950953ffc28a91cd8534,BİRLEŞ,false,unverified,,Merkezi listener/publisher/outbox sınırına taşınmalı
market-telegram-suite,market-telegram-suite/apps/chart_bot/src/data_sources.py,.py,8965,251,25b5c649fb983561ed56f7c8790f6fd2342928e9613b614cbd90d1abcb4e67fc,BİRLEŞ,false,unverified,,Merkezi listener/publisher/outbox sınırına taşınmalı
market-telegram-suite,market-telegram-suite/apps/chart_bot/src/format.py,.py,2965,87,3673d5313eb87ebb18fe961132d3cfba3b3e8fce8cfbcb02fc6468eab8944f3a,BİRLEŞ,false,unverified,,Merkezi listener/publisher/outbox sınırına taşınmalı
market-telegram-suite,market-telegram-suite/apps/chart_bot/src/indicators.py,.py,32376,852,9e39fc8978a44d1641d65ca62f6190a9ba97113f2d707778de811680c6b6b5a3,BİRLEŞ,false,unverified,,Merkezi listener/publisher/outbox sınırına taşınmalı
market-telegram-suite,market-telegram-suite/apps/chart_bot/src/pipeline.py,.py,11015,328,195f7f7cbe4e982bfcbc43ca4cb35b3fa71f7bce3ac68a53b03d903f1e68e1f1,BİRLEŞ,false,unverified,,Merkezi listener/publisher/outbox sınırına taşınmalı
market-telegram-suite,market-telegram-suite/apps/chart_bot/src/plotspec.py,.py,29567,805,a19d79dfee54cc1acb51bfc438723fbf826db869d6a452106c9e3a1aef2f1c84,BİRLEŞ,false,unverified,,Merkezi listener/publisher/outbox sınırına taşınmalı
market-telegram-suite,market-telegram-suite/apps/chart_bot/src/render_html.py,.py,18306,472,d72a3d7adee835e262f88e3af1638e88c43f7400bc50527d48cc6ecddacb9a9d,BİRLEŞ,false,unverified,,Merkezi listener/publisher/outbox sınırına taşınmalı
market-telegram-suite,market-telegram-suite/apps/chart_bot/src/render_png.py,.py,23751,553,aea6d75a26db3456893a8c22d4c412a012385963d792a0e90c5d98f004a342fa,BİRLEŞ,false,unverified,,Merkezi listener/publisher/outbox sınırına taşınmalı
market-telegram-suite,market-telegram-suite/apps/chart_bot/src/technical_dashboard.py,.py,26235,603,23eab3ccc0e085e8b29eb03f74d2146e43a13cf1d127506ac4f8a51626b2f287,BİRLEŞ,false,unverified,,Merkezi listener/publisher/outbox sınırına taşınmalı
market-telegram-suite,market-telegram-suite/apps/chart_bot/src/telegram.py,.py,6662,174,b4a75dd87b0cc846ba82ce0fc1282bd4e4a0284505ab77304e143a8a869cef25,BİRLEŞ,false,unverified,,Merkezi listener/publisher/outbox sınırına taşınmalı
market-telegram-suite,market-telegram-suite/apps/chart_bot/src/theme.py,.py,3251,113,87f67f0b2520425fe5af6da3a2c6be5184d49cc545733c334d103a543c1dde53,BİRLEŞ,false,unverified,,Merkezi listener/publisher/outbox sınırına taşınmalı
market-telegram-suite,market-telegram-suite/apps/chart_bot/src/views.py,.py,6360,203,0536dcf1c6a6ebd1abfc25266b2c4219545c902ec50825304a68939780f5dc63,BİRLEŞ,false,unverified,,Merkezi listener/publisher/outbox sınırına taşınmalı
market-telegram-suite,market-telegram-suite/apps/chart_bot/tests/__init__.py,.py,0,0,e3b0c44298fc1c149afbf4c8996fb92427ae41e4649b934ca495991b7852b855,TAŞI,false,unverified,,Parity/golden test kaynağı
market-telegram-suite,market-telegram-suite/apps/chart_bot/tests/test_bot_runner.py,.py,1708,60,896ce8962834cbf047007c8114152481b9740445a756e40ecd0d8a67e7b1ff2f,TAŞI,false,unverified,,Parity/golden test kaynağı
market-telegram-suite,market-telegram-suite/apps/chart_bot/tests/test_indicators.py,.py,11888,265,43f488732420e370642580f823cf7c0212257405e7b64a2d2784c59356c781b7,TAŞI,false,unverified,,Parity/golden test kaynağı
market-telegram-suite,market-telegram-suite/apps/chart_bot/tests/test_render.py,.py,45503,1120,b1f68ffaa4597978d425c4f36d6e44ec9bc1b622e8b8eaffcb605361655524f1,TAŞI,false,unverified,,Parity/golden test kaynağı
market-telegram-suite,market-telegram-suite/apps/chart_bot/tests/test_technical_dashboard.py,.py,3367,87,0eace3dc86a1e4f03600436b76ac321657f49180d576552fcf26dcf088c4fb58,TAŞI,false,unverified,,Parity/golden test kaynağı
market-telegram-suite,market-telegram-suite/apps/technical_bot/.gitignore,,162,,4383d4a055196f39096ac550f1bf44dc4386a10f3c17d96ead9266092a96c713,BİRLEŞ,false,unverified,,Merkezi listener/publisher/outbox sınırına taşınmalı
market-telegram-suite,market-telegram-suite/apps/technical_bot/LICENSE,,1096,,564e1013e201b9803169abaf747bd55ca3fbeb93680b88e06a09918c8a9f2cf4,BİRLEŞ,false,unverified,,Merkezi listener/publisher/outbox sınırına taşınmalı
market-telegram-suite,market-telegram-suite/apps/technical_bot/LITERATURE.md,.md,2852,56,6d38ce76fa72ec885bc5bcc9d98f86ad528d5d92353353dfce80cdcae3cfd974,BİRLEŞ,false,unverified,,Merkezi listener/publisher/outbox sınırına taşınmalı
market-telegram-suite,market-telegram-suite/apps/technical_bot/pine/technical_status_dashboard.pine,.pine,44872,,12194de938ad943d2bc04b3b5ddaf7c76427c5a296dec670c9462ca9cd398889,BİRLEŞ,false,unverified,,Merkezi listener/publisher/outbox sınırına taşınmalı
market-telegram-suite,market-telegram-suite/apps/technical_bot/README.md,.md,7602,202,dd803eb5caa0228afc8564acafce048de7e86e5f0cc2091317ff5447804d6b04,BİRLEŞ,false,unverified,,Merkezi listener/publisher/outbox sınırına taşınmalı
market-telegram-suite,market-telegram-suite/apps/technical_bot/reports/.gitkeep,,2,,7eb70257593da06f682a3ddda54a9d260d4fc514f645237f5ca74b08f8da61a6,BİRLEŞ,false,unverified,,Merkezi listener/publisher/outbox sınırına taşınmalı
market-telegram-suite,market-telegram-suite/apps/technical_bot/requirements-dev.txt,.txt,14,1,cf5d4241cd425c8f8f932d348537f4ec2136304d3f343a498baf477d3b6b8073,BİRLEŞ,false,unverified,,Merkezi listener/publisher/outbox sınırına taşınmalı
market-telegram-suite,market-telegram-suite/apps/technical_bot/requirements.txt,.txt,104,7,70997967a5a557c70595fe30e2d52474a324ecbc4119a7505456038bb065ceb6,BİRLEŞ,false,unverified,,Merkezi listener/publisher/outbox sınırına taşınmalı
market-telegram-suite,market-telegram-suite/apps/technical_bot/ruff.toml,.toml,564,14,1caeafff51cf9f9aaad698b3b55fff08198148f3436f01fc8946b1ce27402238,BİRLEŞ,false,unverified,,Merkezi listener/publisher/outbox sınırına taşınmalı
market-telegram-suite,market-telegram-suite/apps/technical_bot/src/__init__.py,.py,44,2,4345745ebcc9ed65ea88c79fea78ada654b5a3d91cc001030e94222287253e35,BİRLEŞ,false,unverified,,Merkezi listener/publisher/outbox sınırına taşınmalı
market-telegram-suite,market-telegram-suite/apps/technical_bot/src/analyst_card.py,.py,18758,426,44d68f73eb30ef493937cce4953cdb157d568ae97b944033f49b588dd8c37fd6,BİRLEŞ,false,unverified,,Merkezi listener/publisher/outbox sınırına taşınmalı
market-telegram-suite,market-telegram-suite/apps/technical_bot/src/bar_state.py,.py,2689,69,3dde6224866a0a6bd6a09e418f69ef674ddedac03a4239972f8111696dc02f5b,BİRLEŞ,false,unverified,,Merkezi listener/publisher/outbox sınırına taşınmalı
market-telegram-suite,market-telegram-suite/apps/technical_bot/src/bot_runner.py,.py,20293,542,c8a01de5749efd2da7304d3ed13cf0e93788fb626184b28a6e3067b7f64f2f44,BİRLEŞ,false,unverified,,Merkezi listener/publisher/outbox sınırına taşınmalı
market-telegram-suite,market-telegram-suite/apps/technical_bot/src/bot_runner_fundamental.py,.py,4530,111,ecc1a10ea4fa56fed2e2149e9d525eb3e8da0e6f61a151e9e35d5b8e546fdc2c,BİRLEŞ,false,unverified,,Merkezi listener/publisher/outbox sınırına taşınmalı
market-telegram-suite,market-telegram-suite/apps/technical_bot/src/bot_settings.py,.py,4460,120,f418cfb0b84f91977ef31d4f8d865279ad76d3a93ef4bd9f8ef0c9484628f2aa,BİRLEŞ,false,unverified,,Merkezi listener/publisher/outbox sınırına taşınmalı
market-telegram-suite,market-telegram-suite/apps/technical_bot/src/candlestick_patterns.py,.py,13257,218,1fde888bc4b8ec02b581f5a7ba59332b345fbda4f038506389db16346779daed,BİRLEŞ,false,unverified,,Merkezi listener/publisher/outbox sınırına taşınmalı
market-telegram-suite,market-telegram-suite/apps/technical_bot/src/decision_context.py,.py,11642,273,2bed7e400e258583cfcd9c964ad532449a8e471e9f68446ee78a9027c45dc771,BİRLEŞ,false,unverified,,Merkezi listener/publisher/outbox sınırına taşınmalı
market-telegram-suite,market-telegram-suite/apps/technical_bot/src/divergence.py,.py,7344,172,882f4d5193bc1e6d33e7eedd56828105be673b6cb2f04e0a68d12b22b56fbfdd,BİRLEŞ,false,unverified,,Merkezi listener/publisher/outbox sınırına taşınmalı
market-telegram-suite,market-telegram-suite/apps/technical_bot/src/financial_intelligence_card.py,.py,10117,317,44544c6936d7ffe84780bdc83d9c5d253ba123ab22d5369f18a375ce9bca829c,BİRLEŞ,false,unverified,,Merkezi listener/publisher/outbox sınırına taşınmalı
market-telegram-suite,market-telegram-suite/apps/technical_bot/src/fundamental_analysis.py,.py,31489,819,28747237cc2d17ae71daa850079b45dea97c72fe7727728031cd827379e78b88,BİRLEŞ,false,unverified,,Merkezi listener/publisher/outbox sınırına taşınmalı
market-telegram-suite,market-telegram-suite/apps/technical_bot/src/fundamental_card.py,.py,6869,192,2cf990d26fab7d4bbc0e714da942859f29c3d82de7094443f382a472b0d92e5d,BİRLEŞ,false,unverified,,Merkezi listener/publisher/outbox sınırına taşınmalı
market-telegram-suite,market-telegram-suite/apps/technical_bot/src/fundamental_quality.py,.py,1836,47,e7446454a6558de792b367974078c541a275259d56245dbc60ec7765632c7ed6,BİRLEŞ,false,unverified,,Merkezi listener/publisher/outbox sınırına taşınmalı
market-telegram-suite,market-telegram-suite/apps/technical_bot/src/fundamental_telegram.py,.py,2186,58,94e9928e0248616c95ecaadcab82d5dad03e21b0685cbfff8f828558aa849a32,BİRLEŞ,false,unverified,,Merkezi listener/publisher/outbox sınırına taşınmalı
market-telegram-suite,market-telegram-suite/apps/technical_bot/src/intervals.py,.py,7570,186,babdb16f5807da41c2972458b2cac297d027c7c2f1bc7c3e404a3b650bf9b989,BİRLEŞ,false,unverified,,Merkezi listener/publisher/outbox sınırına taşınmalı
market-telegram-suite,market-telegram-suite/apps/technical_bot/src/market_context.py,.py,35182,687,72b7331ae9e71713512387467ae7889d464569723984edba51c8237a04d9bafc,BİRLEŞ,false,unverified,,Merkezi listener/publisher/outbox sınırına taşınmalı
market-telegram-suite,market-telegram-suite/apps/technical_bot/src/moving_average_card.py,.py,6246,169,f0b0a9c0220c465ae11c9fdef2ad21f238b77da401df068389e7f960809c6abe,BİRLEŞ,false,unverified,,Merkezi listener/publisher/outbox sınırına taşınmalı
market-telegram-suite,market-telegram-suite/apps/technical_bot/src/original_indicators.py,.py,13335,367,826e3507aa2a9ba60c48851443e35dec90042976dfcf45fd8b4439421b71229e,BİRLEŞ,false,unverified,,Merkezi listener/publisher/outbox sınırına taşınmalı
market-telegram-suite,market-telegram-suite/apps/technical_bot/src/plain_language.py,.py,10206,237,c370336b0563471bb2695d76d2c63c929d2b63dc4e1e72e0a45be418dc8002c7,BİRLEŞ,false,unverified,,Merkezi listener/publisher/outbox sınırına taşınmalı
market-telegram-suite,market-telegram-suite/apps/technical_bot/src/research_card.py,.py,6455,153,137adba975bdd4cca7fd3f56c738cee983a4fa96267f00e2ba2dedc79ae9d627,BİRLEŞ,false,unverified,,Merkezi listener/publisher/outbox sınırına taşınmalı
market-telegram-suite,market-telegram-suite/apps/technical_bot/src/research_chart.py,.py,19751,504,00d7c9e1ff9180e0d1796d0cc8b05901d04116ed6d3d538f4540a9b10a388b8b,BİRLEŞ,false,unverified,,Merkezi listener/publisher/outbox sınırına taşınmalı
market-telegram-suite,market-telegram-suite/apps/technical_bot/src/research_commentary.py,.py,24467,404,ee7f7fd8d62c7923529a529c30c795f619c7f09cb564c311ebd1f78f8e05a514,BİRLEŞ,false,unverified,,Merkezi listener/publisher/outbox sınırına taşınmalı
market-telegram-suite,market-telegram-suite/apps/technical_bot/src/research_commentary_advanced.py,.py,9870,223,9ed638826308cc7be0e780b30d71c2643d675fcec5134817608671de28409c46,BİRLEŞ,false,unverified,,Merkezi listener/publisher/outbox sınırına taşınmalı
market-telegram-suite,market-telegram-suite/apps/technical_bot/src/research_commentary_rich.py,.py,13440,261,c56835483dc127d8c26c238790105a7537fc1f8e7e36f08379f268bc474f5082,BİRLEŞ,false,unverified,,Merkezi listener/publisher/outbox sınırına taşınmalı
market-telegram-suite,market-telegram-suite/apps/technical_bot/src/research_contracts.py,.py,9904,263,84447a22a6326a3e22800c54fdae098a689965b0cb12dd48b6930a9dce5c952e,BİRLEŞ,false,unverified,,Merkezi listener/publisher/outbox sınırına taşınmalı
market-telegram-suite,market-telegram-suite/apps/technical_bot/src/research_engine.py,.py,43889,1025,ce955a829b3e4717fd2bd391bd6a4283c8392d3f372aadaccf631000848440e5,BİRLEŞ,false,unverified,,Merkezi listener/publisher/outbox sınırına taşınmalı
market-telegram-suite,market-telegram-suite/apps/technical_bot/src/research_extensions.py,.py,24048,366,60edc337f7c9a19970ed94d9ff548c3a97597a893952c9e1c723f293b4599f01,BİRLEŞ,false,unverified,,Merkezi listener/publisher/outbox sınırına taşınmalı
market-telegram-suite,market-telegram-suite/apps/technical_bot/src/research_pipeline.py,.py,3456,92,1f43531e969674d8fcec96f82f35c991bd5e86caad230d99fa1399c2d11e658f,BİRLEŞ,false,unverified,,Merkezi listener/publisher/outbox sınırına taşınmalı
market-telegram-suite,market-telegram-suite/apps/technical_bot/src/research_risk.py,.py,12431,295,651dac439370a471f58ee05420cef1eaefcdb4526df0d9b58cae378799eef44b,BİRLEŞ,false,unverified,,Merkezi listener/publisher/outbox sınırına taşınmalı
market-telegram-suite,market-telegram-suite/apps/technical_bot/src/research_technical.py,.py,16414,398,4014e148137fb5d3390b63a8baf6cb8ddd8d1c9bf47e18119498de9a9a9c877b,BİRLEŞ,false,unverified,,Merkezi listener/publisher/outbox sınırına taşınmalı
market-telegram-suite,market-telegram-suite/apps/technical_bot/src/research_telegram.py,.py,6736,166,341cbc07de0f69f806ce866875a5692ed2294f212c54213d5d307d5d935c67d2,BİRLEŞ,false,unverified,,Merkezi listener/publisher/outbox sınırına taşınmalı
market-telegram-suite,market-telegram-suite/apps/technical_bot/src/research_theme.py,.py,2116,67,a10302d76d00e7c5bba86aff1486ff364238809d8f0204ade7eb2530eeb9b474,BİRLEŞ,false,unverified,,Merkezi listener/publisher/outbox sınırına taşınmalı
market-telegram-suite,market-telegram-suite/apps/technical_bot/src/scan_card.py,.py,27321,910,05d8e87441b1f1b547c2a2404b635a35f64d53ef752ce48a73b1e7bf6b6d5793,BİRLEŞ,false,unverified,,Merkezi listener/publisher/outbox sınırına taşınmalı
market-telegram-suite,market-telegram-suite/apps/technical_bot/src/scan_scheduler.py,.py,3569,108,ed73603786a488e6088a75e5a170d01d245524d79a0f1351bf45f86d4c5ca9af,BİRLEŞ,false,unverified,,Merkezi listener/publisher/outbox sınırına taşınmalı
market-telegram-suite,market-telegram-suite/apps/technical_bot/src/scan_state.py,.py,2797,79,04f271c5a894a71608d60cc8184bb1673bed8a575a1407e2f204afb8bdd2601c,BİRLEŞ,false,unverified,,Merkezi listener/publisher/outbox sınırına taşınmalı
market-telegram-suite,market-telegram-suite/apps/technical_bot/src/screener.py,.py,27303,598,523c8de19088b006385cc5253798034b1adc75f6427b51087c2d1b2961644826,BİRLEŞ,false,unverified,,Merkezi listener/publisher/outbox sınırına taşınmalı
market-telegram-suite,market-telegram-suite/apps/technical_bot/src/screener_cli.py,.py,16820,403,cda59d0b3b70f85b5c4f4e4d52344c201829855bd46f1792c8ebe6cb11f7816b,BİRLEŞ,false,unverified,,Merkezi listener/publisher/outbox sınırına taşınmalı
market-telegram-suite,market-telegram-suite/apps/technical_bot/src/semantic_features.py,.py,21676,450,5b78b921d217422cf5798ed8302c8d92ff29632ac54ac0322aee294a49526be8,BİRLEŞ,false,unverified,,Merkezi listener/publisher/outbox sınırına taşınmalı
market-telegram-suite,market-telegram-suite/apps/technical_bot/src/setup_recognition.py,.py,18833,365,4855a86dba206c7446daaaf7f12dbaac7d5c47245b5092cca533cebce3ffe5d7,BİRLEŞ,false,unverified,,Merkezi listener/publisher/outbox sınırına taşınmalı
market-telegram-suite,market-telegram-suite/apps/technical_bot/src/state_change.py,.py,9716,202,7326df692bd8c6c59de2d2f84c13ae98ffbd76e762515cd037f31f3bc1a5b553,BİRLEŞ,false,unverified,,Merkezi listener/publisher/outbox sınırına taşınmalı
market-telegram-suite,market-telegram-suite/apps/technical_bot/src/stock_dashboard.py,.py,67568,1280,dfc5f0d02c98d17dcd8b4c71ee97cf61210040877d4ac57d01271313f02020c7,BİRLEŞ,false,unverified,,Merkezi listener/publisher/outbox sınırına taşınmalı
market-telegram-suite,market-telegram-suite/apps/technical_bot/src/structure_hierarchy.py,.py,17100,429,33ad150ed87bee0c8ef6a7cc8d46ca5cdc45a90698fc022fc4c592c983faa94e,BİRLEŞ,false,unverified,,Merkezi listener/publisher/outbox sınırına taşınmalı
market-telegram-suite,market-telegram-suite/apps/technical_bot/src/technical_commentary.py,.py,112,3,c06364cc24fba1ecef0704ea8f2a7c5aa88760e30e8b8abaf038a8f0669bb4b2,BİRLEŞ,false,unverified,,Merkezi listener/publisher/outbox sınırına taşınmalı
market-telegram-suite,market-telegram-suite/apps/technical_bot/src/technical_commentary_v2.py,.py,59521,1073,d9ad38647dfb52c65a3d33030c423258016d1f05a12160ef223b2686b372a57a,ARŞİV,true,unverified,,Sürümlenmiş veya legacy dosya; erişilebilirlik doğrulanmalı
market-telegram-suite,market-telegram-suite/apps/technical_bot/src/telegram_bot.py,.py,6485,170,528ff24b770843b21d7b2d30cb39bfc1c03bec8f342dcb6de237125450a9eeb9,BİRLEŞ,false,unverified,,Merkezi listener/publisher/outbox sınırına taşınmalı
market-telegram-suite,market-telegram-suite/apps/technical_bot/src/telegram_client.py,.py,8408,207,45b8937a0a0ad7a18cebab5f9de7499d84fe48e68701a6e49ced13401ea3d837,BİRLEŞ,false,unverified,,Merkezi listener/publisher/outbox sınırına taşınmalı
market-telegram-suite,market-telegram-suite/apps/technical_bot/src/turkish_text.py,.py,341,10,e83fb75a7f633c748781fcfb133ebdc7c697eecb7cfb4784fbf42611a3540fce,BİRLEŞ,false,unverified,,Merkezi listener/publisher/outbox sınırına taşınmalı
market-telegram-suite,market-telegram-suite/apps/technical_bot/src/universe.py,.py,4286,118,43916b1f630cd83fd1e55e4b81b6dc2559df8c4afcb78eb74d293ea5f5a41e73,BİRLEŞ,false,unverified,,Merkezi listener/publisher/outbox sınırına taşınmalı
market-telegram-suite,market-telegram-suite/apps/technical_bot/src/valuation_models.py,.py,16742,480,349d9ca1ef9a4c1f57b7d27f6906342bc7dfbc0d29a7ebcb3faa5ee9c43acc77,BİRLEŞ,false,unverified,,Merkezi listener/publisher/outbox sınırına taşınmalı
market-telegram-suite,market-telegram-suite/apps/technical_bot/src/valuation_peer_card.py,.py,10382,307,16517b10df792b64fd61cca8ee21840f6630bfa2e46bf3b256ef57cfa3821733,BİRLEŞ,false,unverified,,Merkezi listener/publisher/outbox sınırına taşınmalı
market-telegram-suite,market-telegram-suite/apps/technical_bot/src/valuation_policy.py,.py,22590,532,c83ac3a4b770ab34f516c1f82f58afdbfe51be5a545a5efdd542242dc77a3d39,BİRLEŞ,false,unverified,,Merkezi listener/publisher/outbox sınırına taşınmalı
market-telegram-suite,market-telegram-suite/apps/technical_bot/src/watch_alerts.py,.py,15149,359,fb57543bd8eea4074cf04f8b1b735cc38422c467f77852fcea39d72cdb5cab64,BİRLEŞ,false,unverified,,Merkezi listener/publisher/outbox sınırına taşınmalı
market-telegram-suite,market-telegram-suite/apps/technical_bot/src/watchlist_scan.py,.py,4335,101,2fe2b6200508618dc502a6604899d22cc5cceb20230e0da2736be19dee006d17,BİRLEŞ,false,unverified,,Merkezi listener/publisher/outbox sınırına taşınmalı
market-telegram-suite,market-telegram-suite/apps/technical_bot/tests/test_active_command_routing.py,.py,2720,80,a1f211a81415c6fe82dea1e1a78e0154fdfb31c4d5fecd768879930978667e06,TAŞI,false,unverified,,Parity/golden test kaynağı
market-telegram-suite,market-telegram-suite/apps/technical_bot/tests/test_analyst_card.py,.py,9938,197,597f356b3dfa42927f30801417a0074e0a828d0268ba36c3b4db7218a00563e5,TAŞI,false,unverified,,Parity/golden test kaynağı
market-telegram-suite,market-telegram-suite/apps/technical_bot/tests/test_bar_state.py,.py,3530,80,92ad53b831318fb56c93e561d814c5dd2faae616b41c262fd56ff4e4dd2d8fa7,TAŞI,false,unverified,,Parity/golden test kaynağı
market-telegram-suite,market-telegram-suite/apps/technical_bot/tests/test_bot_runner.py,.py,1913,64,5e6ac119c2862652aa59ac906ff1b55076555e1592908bb1e9910b7469d962ba,TAŞI,false,unverified,,Parity/golden test kaynağı
market-telegram-suite,market-telegram-suite/apps/technical_bot/tests/test_bot_settings.py,.py,3406,92,c4d40c203081035e1089c763bdadd22ee7119a1b6ad955d8789d39b3bfe355c1,TAŞI,false,unverified,,Parity/golden test kaynağı
market-telegram-suite,market-telegram-suite/apps/technical_bot/tests/test_decision_context.py,.py,2648,65,2b80e7b7c26dc59f1a1c4a6e0803f78ea9ac548c1d9f161fab16b4df2f4a5ee6,TAŞI,false,unverified,,Parity/golden test kaynağı
market-telegram-suite,market-telegram-suite/apps/technical_bot/tests/test_divergence.py,.py,4104,86,72dd5bc728324ff4917d834f88a0107327d6468aa857b062cc000ef40a40b625,TAŞI,false,unverified,,Parity/golden test kaynağı
market-telegram-suite,market-telegram-suite/apps/technical_bot/tests/test_fundamental_analysis.py,.py,8265,203,7d58228d0a3523da0b8027872e5040cd6a93c71399a783fe8c8eeba0458d23d1,TAŞI,false,unverified,,Parity/golden test kaynağı
market-telegram-suite,market-telegram-suite/apps/technical_bot/tests/test_indicators.py,.py,10195,230,7464fd6eb9d58be8657ddb1abc53b7876783c14cb5a92ef927baf33b4a885a4d,TAŞI,false,unverified,,Parity/golden test kaynağı
market-telegram-suite,market-telegram-suite/apps/technical_bot/tests/test_intervals.py,.py,7168,172,eda6d3d58d64b0ec7c6b7e1b3dd0277464819c4a4001d424c2d33865288f13a5,TAŞI,false,unverified,,Parity/golden test kaynağı
market-telegram-suite,market-telegram-suite/apps/technical_bot/tests/test_market_context.py,.py,5789,121,37bcfa0a6d20945b247a81e9a2b982e473e6d5cc38d6ba679efaed137f62ab0a,TAŞI,false,unverified,,Parity/golden test kaynağı
market-telegram-suite,market-telegram-suite/apps/technical_bot/tests/test_original_indicators.py,.py,3528,93,32840965884a6d4546608409d051c6bbc0e5fd2cbd0b5adfc3f0de7e1812016c,TAŞI,false,unverified,,Parity/golden test kaynağı
market-telegram-suite,market-telegram-suite/apps/technical_bot/tests/test_plain_language.py,.py,7619,189,59552a991e481eb2ee19e2e73fd34627c1bb88adcf97302c54e5fd5467e73db5,TAŞI,false,unverified,,Parity/golden test kaynağı
market-telegram-suite,market-telegram-suite/apps/technical_bot/tests/test_render_regression.py,.py,11724,238,066b4b182eda460a733b4e1730d92c34d48ddfd583a91f87979909a0c11069e3,TAŞI,false,unverified,,Parity/golden test kaynağı
market-telegram-suite,market-telegram-suite/apps/technical_bot/tests/test_research_commentary.py,.py,5920,136,79ce838a9a1ee1f31bde863193ec9ed44bd0762ab2f86ece05ca246ab81f796d,TAŞI,false,unverified,,Parity/golden test kaynağı
market-telegram-suite,market-telegram-suite/apps/technical_bot/tests/test_research_commentary_advanced.py,.py,3129,75,99d6777e9ef0e421c413b60d029ffd5a2d7455437e100f95b5298d5af1fe498a,TAŞI,false,unverified,,Parity/golden test kaynağı
market-telegram-suite,market-telegram-suite/apps/technical_bot/tests/test_research_contracts.py,.py,7495,187,a4419ae533ccd9143767691c36e930f2a650a460d8d6bd6212309d49c1bc99a9,TAŞI,false,unverified,,Parity/golden test kaynağı
market-telegram-suite,market-telegram-suite/apps/technical_bot/tests/test_research_engine.py,.py,6275,141,de5e5abc608a4fac98886fd046019f64fa4dcb65d055c773427b213f55bad11f,TAŞI,false,unverified,,Parity/golden test kaynağı
market-telegram-suite,market-telegram-suite/apps/technical_bot/tests/test_research_extensions.py,.py,8888,236,f0b1b8d30c8054f606d8b314cc7830e5cc894fa53a122bef8cdc4477c6545613,TAŞI,false,unverified,,Parity/golden test kaynağı
market-telegram-suite,market-telegram-suite/apps/technical_bot/tests/test_research_finalization.py,.py,4223,103,87fd373792bad07111d518558981ae06758dd43a97cc4bbed6f3dae6fc17e791,TAŞI,false,unverified,,Parity/golden test kaynağı
market-telegram-suite,market-telegram-suite/apps/technical_bot/tests/test_research_output_contract.py,.py,4951,126,708c7ab95fe6051a5c93f8cef84c09ffc57d2ae24e8d149df832e271f0e0743b,TAŞI,false,unverified,,Parity/golden test kaynağı
market-telegram-suite,market-telegram-suite/apps/technical_bot/tests/test_scan_candidate_priority.py,.py,2277,66,2831ef9a4afb7496c708efc623ac24f2c295fc805908c771cdc886f64a17cca1,TAŞI,false,unverified,,Parity/golden test kaynağı
market-telegram-suite,market-telegram-suite/apps/technical_bot/tests/test_scan_research_cards.py,.py,6004,154,762f35f1e82521283c3a8b409812ac39de38fbc17af891c059834fa9c786c797,TAŞI,false,unverified,,Parity/golden test kaynağı
market-telegram-suite,market-telegram-suite/apps/technical_bot/tests/test_scan_scheduler.py,.py,4484,112,22d4a911744ff18c5842477702a60b0e9d54368c9d903d600ca3ceb4989ac5f4,TAŞI,false,unverified,,Parity/golden test kaynağı
market-telegram-suite,market-telegram-suite/apps/technical_bot/tests/test_scan_state.py,.py,4498,95,ed988f1a908d249c54052addfe9856b1927892450e4d2062c2704d510cb7748e,TAŞI,false,unverified,,Parity/golden test kaynağı
market-telegram-suite,market-telegram-suite/apps/technical_bot/tests/test_screener.py,.py,30146,628,07f36b97b226a7f8f38f7bd7f6efcf8170fce7d88856039b62e74b1aa4d98421,TAŞI,false,unverified,,Parity/golden test kaynağı
market-telegram-suite,market-telegram-suite/apps/technical_bot/tests/test_screener_cli.py,.py,5208,117,670c44744cc303576d2e17816a5cba2e42809cf97c070303296f4c37416bfd2c,TAŞI,false,unverified,,Parity/golden test kaynağı
market-telegram-suite,market-telegram-suite/apps/technical_bot/tests/test_semantic_features.py,.py,5518,131,1c7dd4e3ba754dda976237645cc19fd7b10a7ed62d91bea8763284113f2f9022,TAŞI,false,unverified,,Parity/golden test kaynağı
market-telegram-suite,market-telegram-suite/apps/technical_bot/tests/test_setup_recognition.py,.py,6865,152,c8b6d0dd734f069b01fbb003a200424403cf7ea177c9041e0712a96c6cf17af3,TAŞI,false,unverified,,Parity/golden test kaynağı
market-telegram-suite,market-telegram-suite/apps/technical_bot/tests/test_state_change.py,.py,4782,103,4d4b0fe54aa7ead5874cf1fd213e02e2d51808ea1a3ec3f8a5e44c0f54af5661,TAŞI,false,unverified,,Parity/golden test kaynağı
market-telegram-suite,market-telegram-suite/apps/technical_bot/tests/test_structure_hierarchy.py,.py,3667,99,aab29b05bc8b8d2b86753a866b96e2f878d162a370124df3804f164e6be7bf46,TAŞI,false,unverified,,Parity/golden test kaynağı
market-telegram-suite,market-telegram-suite/apps/technical_bot/tests/test_technical_commentary.py,.py,8802,175,61544424df31790fbf7c550cec3f4bb284dbe2707081bd503dcf9291b7282a8f,TAŞI,false,unverified,,Parity/golden test kaynağı
market-telegram-suite,market-telegram-suite/apps/technical_bot/tests/test_telegram.py,.py,4939,130,f94d7237be65effdeef764eaa0a5f77a160e0e77ac3a13880605d23c0b0ec7b0,TAŞI,false,unverified,,Parity/golden test kaynağı
market-telegram-suite,market-telegram-suite/apps/technical_bot/tests/test_telegram_bot.py,.py,8034,195,5a81b63ffeb0ea788537d76c224d2954df660b8720146591b109d704f5ac2749,TAŞI,false,unverified,,Parity/golden test kaynağı
market-telegram-suite,market-telegram-suite/apps/technical_bot/tests/test_turkish_text.py,.py,1578,44,353f2a5e5b3df6d6088140b2ef103253f1a22c253a03c281525ff4f0bd761351,TAŞI,false,unverified,,Parity/golden test kaynağı
market-telegram-suite,market-telegram-suite/apps/technical_bot/tests/test_valuation_models.py,.py,3203,96,e6555042f446883a88dc5f069ab0e7de36f8b709e08c2da37b04352a74a2e26f,TAŞI,false,unverified,,Parity/golden test kaynağı
market-telegram-suite,market-telegram-suite/apps/technical_bot/tests/test_valuation_policy.py,.py,6459,146,22a144b309971637f16f6433aa959ba2e8ca6393cdb67ad2d3c16dc576eef930,TAŞI,false,unverified,,Parity/golden test kaynağı
market-telegram-suite,market-telegram-suite/apps/technical_bot/tests/test_watch_alerts.py,.py,8530,224,380ee26c63c3e99c0c3457a666dd275c45f344b215fb8b7eefccdf9436d8ac19,TAŞI,false,unverified,,Parity/golden test kaynağı
market-telegram-suite,market-telegram-suite/apps/technical_bot/tests/test_watchlist_scan.py,.py,1401,39,13e632cf482da0ad0f0979e74b2564c21093cab60543e740ab912060455124c3,TAŞI,false,unverified,,Parity/golden test kaynağı
market-telegram-suite,market-telegram-suite/apps/technical_bot/watchlist.txt,.txt,100,6,6f78b18724341cb72c921fc7e00a38552f13a5194fdca601ddec3c4a3d9b2954,BİRLEŞ,false,unverified,,Merkezi listener/publisher/outbox sınırına taşınmalı
market-telegram-suite,market-telegram-suite/README.md,.md,6574,138,d0ead7c7c5376439f04af5aeaf738941b9a80ab2a82594e2957af549f70b9d43,BİRLEŞ,false,unverified,,Merkezi listener/publisher/outbox sınırına taşınmalı
taramabot,taramabot/.env.example,.example,599,,048869603cad69a0b661540a9bfc4f0ba0bdd567c6706d3e526827c1fe5e03df,İNCELE,false,unverified,,Dosya bazlı karar gerekli
taramabot,taramabot/.github/15m-forward-edge-bootstrap,,32,,19f3c0931a60fedb1d07185ce80ef62708f41307d1bf0188db96cced529a34c7,İNCELE,false,unverified,,Dosya bazlı karar gerekli
taramabot,taramabot/.github/15m-mtf-edge-bootstrap,,32,,163cc36e6d554fa6fb06762a3ea51e5ae9f1ce4518a98ad7b10f7a882bd84a1b,İNCELE,false,unverified,,Dosya bazlı karar gerekli
taramabot,taramabot/.github/all-strategies-backtest-bootstrap,,91,,ef146ffd01048d6ee0117d91b212702483af796d7b415593583b450f288435ce,İNCELE,false,unverified,,Dosya bazlı karar gerekli
taramabot,taramabot/.github/all-timeframe-forward-edge-bootstrap,,32,,914d8d04194147ac10c9ca3e2beaae0dbf77cf82ab25dd9d03316ec4f537e89e,İNCELE,false,unverified,,Dosya bazlı karar gerekli
taramabot,taramabot/.github/daily-g-parity-trigger,,44,,95cc3d3d2328b65521e3f157737a68f9086f04f44f25dc40f781dcba0c0594a7,İNCELE,false,unverified,,Dosya bazlı karar gerekli
taramabot,taramabot/.github/decision-panel-backtest-bootstrap,,68,,dc6af9700d5f0120e721e48c015beaf951626a964d92c5227438831b345aa9ce,İNCELE,false,unverified,,Dosya bazlı karar gerekli
taramabot,taramabot/.github/decision-panel-exit-opt-bootstrap,,187,,248498c49114b6627f2020cbef7cc8e448f80a722fa56b42e49a931db05a34b9,İNCELE,false,unverified,,Dosya bazlı karar gerekli
taramabot,taramabot/.github/decision-panel-oos-cost-bootstrap,,27,,d1b1fd182e67d854a7590cc48d53002fa821c101b2480d3c11c58bcfb526dc6c,İNCELE,false,unverified,,Dosya bazlı karar gerekli
taramabot,taramabot/.github/decision-panel-profile-compare-bootstrap,,31,,17d997b165da39cd420fb1a6fe94b700dcd041eb06001a03a80bfa7909a10a52,İNCELE,false,unverified,,Dosya bazlı karar gerekli
taramabot,taramabot/.github/decision-panel-pullback-v645-bootstrap,,89,,362b97043c9e2c301dfb048381b6ac5df7a9fddc1969e763fadbe5da50a0c8ca,ARŞİV,true,unverified,,Sürümlenmiş veya legacy dosya; erişilebilirlik doğrulanmalı
taramabot,taramabot/.github/decision-panel-v645-bootstrap,,90,,43036f3e267a5fa8cdbd56020ae8d7050b2a8c02ab01532209547cbd7721aa6e,ARŞİV,true,unverified,,Sürümlenmiş veya legacy dosya; erişilebilirlik doğrulanmalı
taramabot,taramabot/.github/decision-panel-v645-parity-bootstrap,,22,,6e2cbd850e5ed7a2c7d5998d69ce6cacb0a78a59adf7e3d471db347ff6d0f058,ARŞİV,true,unverified,,Sürümlenmiş veya legacy dosya; erişilebilirlik doğrulanmalı
taramabot,taramabot/.github/decision-panel-v645-smoke-bootstrap,,29,,ea402811763cb3b9cca9eead70352e6c16fa8c208f7228eeba724ef606e7d70b,ARŞİV,true,unverified,,Sürümlenmiş veya legacy dosya; erişilebilirlik doğrulanmalı
taramabot,taramabot/.github/exit-optimization-bootstrap,,116,,e3e5959895e7ea070a45c17bb340074c053e32d70d12485d5f410761f1f0d820,İNCELE,false,unverified,,Dosya bazlı karar gerekli
taramabot,taramabot/.github/fundamental-data-refresh-bootstrap,,57,,4220af029c05cba6d782d77861e8c7528a6fc0bd0f526ac33511afb6ca958589,İNCELE,false,unverified,,Dosya bazlı karar gerekli
taramabot,taramabot/.github/heartbeat-bootstrap,,44,,346a2bda74d1d672e8e9f837f6696b68f852b521208f9e9c34c656a720d5dbc9,İNCELE,false,unverified,,Dosya bazlı karar gerekli
taramabot,taramabot/.github/historical-daily-bootstrap,,103,,cf82f63462bfbd61c8efb939f955b411749099a13d6701d0eaa0c61b8c7993e3,İNCELE,false,unverified,,Dosya bazlı karar gerekli
taramabot,taramabot/.github/historical-incremental-bootstrap,,22,,da02091ed6c6bb68f9c9047d99821a14d98ca9faf6c83d418d38441c63370c47,İNCELE,false,unverified,,Dosya bazlı karar gerekli
taramabot,taramabot/.github/historical-symbol-profiles-bootstrap,,32,,6e9d0c97885afc1dcf760d56263e1b957f7f8158eec710f907a4c472d80f2756,İNCELE,false,unverified,,Dosya bazlı karar gerekli
taramabot,taramabot/.github/intraday-15m-baseline-bootstrap,,32,,ffef3ede335e7b61d483eab7fc61d0db74a5e1309710a1aa750300bd5d9c860f,İNCELE,false,unverified,,Dosya bazlı karar gerekli
taramabot,taramabot/.github/intraday-15m-calibration-bootstrap,,32,,ffef3ede335e7b61d483eab7fc61d0db74a5e1309710a1aa750300bd5d9c860f,İNCELE,false,unverified,,Dosya bazlı karar gerekli
taramabot,taramabot/.github/long-history-cost-sensitivity-bootstrap,,99,,74cc97b06cb2aeeec5632f68810dbbc5624a288284de3e664921206567a2600b,İNCELE,false,unverified,,Dosya bazlı karar gerekli
taramabot,taramabot/.github/manual-telegram-snapshot-trigger,,55,,ee12cc7a1612d539121c5e971b854d03ab11f1ea9905dc4cab66b3235988fc22,BİRLEŞ,false,unverified,,Merkezi listener/publisher/outbox sınırına taşınmalı
taramabot,taramabot/.github/mtf-report-bootstrap,,53,,16d41fb3c2efd2f770c6a2514db2403f19826b1cb4d6b672a5e6774afaa396e9,İNCELE,false,unverified,,Dosya bazlı karar gerekli
taramabot,taramabot/.github/production-4h-shadow-bootstrap,,70,,ca18f9ae88a9c007161c3e767b9ab046d8c1b6ea63e91286e7fc17f307b6c293,İNCELE,false,unverified,,Dosya bazlı karar gerekli
taramabot,taramabot/.github/rebuild-live-snapshot-bootstrap,,32,,c311e1cd6d0cc430197e948768c2a738b2cf7c7537f69a9da2ff3b238a1069a9,İNCELE,false,unverified,,Dosya bazlı karar gerekli
taramabot,taramabot/.github/stockmarketlab-loop-bootstrap,,44,,346a2bda74d1d672e8e9f837f6696b68f852b521208f9e9c34c656a720d5dbc9,İNCELE,false,unverified,,Dosya bazlı karar gerekli
taramabot,taramabot/.github/strategy-backtest-bootstrap,,95,,8f9f16c1af160f39f7693112d28a0f4bb8b0e7f0c0bbfcd8d9f52b1472c5d131,İNCELE,false,unverified,,Dosya bazlı karar gerekli
taramabot,taramabot/.github/strategy-long-history-bootstrap,,71,,9eadd9791b515c2f8bc36e3bb1de57c2276e20e04bef3d31b5b868570174c653,İNCELE,false,unverified,,Dosya bazlı karar gerekli
taramabot,taramabot/.github/strategy-long-history-exit-opt-bootstrap,,107,,031bdad3cb3bcc802a9fc34242af42f0c3db521a3f12fab67acb2c3c950d613c,İNCELE,false,unverified,,Dosya bazlı karar gerekli
taramabot,taramabot/.github/test-incremental-live-refresh-bootstrap,,58,,2d66891d1401e147f716af9e57b1085a17b803e4055818e86d1352d1649722f9,İNCELE,false,unverified,,Dosya bazlı karar gerekli
taramabot,taramabot/.github/workflows/cached_continuous_scan.yml,.yml,15272,394,9364cadd92c81c81eb1375a1e7087ff05afc9fe9d7188c9cb6fd0ef683824d63,ARŞİV,false,unverified,,Merkezi CI/batch workflow ile karşılaştırılmalı
taramabot,taramabot/.github/workflows/historical-incremental-archive.yml,.yml,6283,186,8b8b5696ee115e4ed15198ec3856e4a55e59cb17992c923358e1e9af281c98a6,ARŞİV,false,unverified,,Merkezi CI/batch workflow ile karşılaştırılmalı
taramabot,taramabot/.github/workflows/historical-profile-followup.yml,.yml,6334,142,7a46e1fc07844b58fa2a38ab3f059dd236cdb57ed66ca5296cdf348bfeb96c7e,ARŞİV,false,unverified,,Merkezi CI/batch workflow ile karşılaştırılmalı
taramabot,taramabot/.github/workflows/historical-symbol-profiles.yml,.yml,8083,201,b5df947df755d453dbb22c1d3d68a84654043beec09f272d2ce2ae99480f298d,ARŞİV,false,unverified,,Merkezi CI/batch workflow ile karşılaştırılmalı
taramabot,taramabot/.github/workflows/manual-telegram-snapshot-scan.yml,.yml,5115,140,f8b0c42cfcf698d74eb008159b44587c633a35a97a1c3fbce362e8d14aafcc29,ARŞİV,false,unverified,,Merkezi CI/batch workflow ile karşılaştırılmalı
taramabot,taramabot/.github/workflows/rebuild-live-snapshot.yml,.yml,3461,92,d9698cab55c5b94a52489ccddb00f83e7cac230c7373864d478adb0db10a6a63,ARŞİV,false,unverified,,Merkezi CI/batch workflow ile karşılaştırılmalı
taramabot,taramabot/.github/workflows/test-incremental-live-refresh.yml,.yml,3621,97,e8baea879083eb5a9d1043fb8ffd1035b1c65bcdb1159dad249cbedc1d560615,ARŞİV,false,unverified,,Merkezi CI/batch workflow ile karşılaştırılmalı
taramabot,taramabot/.gitignore,,4987,,9dce5d0032c8bfaf4d4509c4f5bc90ece64de8cdbd35a5975ea091380ebb861c,İNCELE,false,unverified,,Dosya bazlı karar gerekli
taramabot,taramabot/ACTIONS_KULLANIM_REHBERI.md,.md,6869,152,68266970b121b89daeae14e960d8ca7a618ec3816a92637c889175a8bf941e6b,İNCELE,false,unverified,,Dosya bazlı karar gerekli
taramabot,taramabot/all_symbols.json,.json,5405,5,7254d9641dc097fe8fe1c3970ef5fc5edb12cfb19b1426c09a9fc5a7671dd4c5,İNCELE,false,unverified,,Dosya bazlı karar gerekli
taramabot,taramabot/bist_timeframes.py,.py,3643,97,32576198c9439ae6e82b74181114059fd0423efc92a3dd4da0ecdb2138da4958,İNCELE,false,unverified,,Dosya bazlı karar gerekli
taramabot,taramabot/config.py,.py,7043,230,e8e5671fcd54b3ac08064ff75cc91d9422cd283b2197220bbdfb8330fe92a98f,İNCELE,false,unverified,,Dosya bazlı karar gerekli
taramabot,taramabot/daily_report.py,.py,1401,41,7d53638db4f0c6f3125e80593259ca19e552d39abe208da57b0cff204d83ce33,İNCELE,false,unverified,,Dosya bazlı karar gerekli
taramabot,taramabot/data/production-4h/reports/.gitkeep,,0,,e3b0c44298fc1c149afbf4c8996fb92427ae41e4649b934ca495991b7852b855,İNCELE,false,unverified,,Dosya bazlı karar gerekli
taramabot,taramabot/DECISION_PANEL_ACTION.md,.md,958,19,db2b2d9b4f08a7a9c6d78842c4260ed2cb2087ae794d6e2b248fcd8dc181988e,İNCELE,false,unverified,,Dosya bazlı karar gerekli
taramabot,taramabot/decision_panel_breakout_diagnostic.py,.py,8614,100,393687c320690731a1999d01ea69878575c0a7c5d5bbf153ce9adb831423bc31,İNCELE,false,unverified,,Dosya bazlı karar gerekli
taramabot,taramabot/decision_panel_exit_optimize.py,.py,7897,168,e5a3f0093e8e7b68cc87aa29e802073e1eee7c0789cb7de7a74ea985fc118862,İNCELE,false,unverified,,Dosya bazlı karar gerekli
taramabot,taramabot/decision_panel_oos_cost_sensitivity.py,.py,7458,204,1dba14865ab87f0a73a4e809cfec7b0fa69b9eac23ccdf80dae26a681ad80525,İNCELE,false,unverified,,Dosya bazlı karar gerekli
taramabot,taramabot/decision_panel_period_optimize.py,.py,10212,248,b798128e9a12da2dc335b2b1d288534d5bb850b691ebddcc8adbe3fd269e159b,İNCELE,false,unverified,,Dosya bazlı karar gerekli
taramabot,taramabot/decision_panel_profile_compare.py,.py,4639,135,b0816463192c9e8d27d9a22f935381307b873c333c62666e42463ec89c1f70ab,İNCELE,false,unverified,,Dosya bazlı karar gerekli
taramabot,taramabot/decision_panel_pullback_v645_research.py,.py,8301,210,9c60e0664db7291dd23774b68af2b982f19556ec8a5acabea6ccc326bfdd7230,ARŞİV,true,unverified,,Sürümlenmiş veya legacy dosya; erişilebilirlik doğrulanmalı
taramabot,taramabot/decision_panel_scan.py,.py,181,7,83602598ad588fe577d6ac97fe8ecb2c222f982c2dee9ae1299e8939fe8e84a4,BÖL,false,unverified,,"Veri çekme, hesap ve teslimat sorumlulukları ayrılmalı"
taramabot,taramabot/decision_panel_v2.py,.py,37491,623,7f27ecbfc65a53ebfacff8516d602fa1e91eb590f3d63c7b4b9cc2ee4db78d3d,ARŞİV,true,unverified,,Sürümlenmiş veya legacy dosya; erişilebilirlik doğrulanmalı
taramabot,taramabot/decision_panel_v645_live.py,.py,6789,160,5ab27ac51b0dd51b1ad5105935c4504069dad353873e1bcdf824306f58252805,ARŞİV,true,unverified,,Sürümlenmiş veya legacy dosya; erişilebilirlik doğrulanmalı
taramabot,taramabot/decision_panel_v645_parity_check.py,.py,6494,153,5048f998c2a962d8f31ceb077e7ab0d6b89ed3e35ada6f06413ee99336f85129,ARŞİV,true,unverified,,Sürümlenmiş veya legacy dosya; erişilebilirlik doğrulanmalı
taramabot,taramabot/decision_panel_v645_research.py,.py,19159,504,f85e5aa5cd88f531bc271d0364bd86693b3d8f43777939f83de1662697b35e35,ARŞİV,true,unverified,,Sürümlenmiş veya legacy dosya; erişilebilirlik doğrulanmalı
taramabot,taramabot/decision_panel_v645_signal.py,.py,4155,120,d09311826a8939589802287ee11b630d71544617bbfc68e6b2d07d5311a189df,ARŞİV,true,unverified,,Sürümlenmiş veya legacy dosya; erişilebilirlik doğrulanmalı
taramabot,taramabot/exit_engine.py,.py,6933,183,17584e8907d734c26f371cc9279a0d118a866236c5ac0cacd696a6682beeeea4,İNCELE,false,unverified,,Dosya bazlı karar gerekli
taramabot,taramabot/fetch_symbols.py,.py,2518,61,0f7a2e80986f57f4ef6de98335192d29caf64b365a6d5e6915e748874fff9777,İNCELE,false,unverified,,Dosya bazlı karar gerekli
taramabot,taramabot/filters.py,.py,10396,289,e6ce3d0b43a94400e54b1e4188b6e2c2e644941690bdad30bf76263a4d0a80ed,İNCELE,false,unverified,,Dosya bazlı karar gerekli
taramabot,taramabot/fundamental_data_pipeline.py,.py,19008,379,ed170eee535aaec802fad4459768eceb621a8ec41fc8fda57339c780a29a55e6,İNCELE,false,unverified,,Dosya bazlı karar gerekli
taramabot,taramabot/fundamental_data_pipeline_safe.py,.py,1239,33,da4ceba60e6cf6dd7c5aa21ede418056c7d6b30448b0f934c414c4e0a283a27b,İNCELE,false,unverified,,Dosya bazlı karar gerekli
taramabot,taramabot/fundamental_peer_refresh.py,.py,6966,182,b5ac8adcee4f0cdcbf86af55e39d01cc0db50223d1ffb8ba3a7e8c8a1e07d88f,İNCELE,false,unverified,,Dosya bazlı karar gerekli
taramabot,taramabot/fundamental_score.py,.py,8218,200,09f27f593812b8bd30cedc5d611927476cf4bbeacf0d4561081fdaa4781d6138,İNCELE,false,unverified,,Dosya bazlı karar gerekli
taramabot,taramabot/historical_daily_refresh.py,.py,5116,155,832826b2af2ba43b98852d59434515f9980f1e7165d4d2055be668886be6df8d,İNCELE,false,unverified,,Dosya bazlı karar gerekli
taramabot,taramabot/historical_decision_panel_v644.py,.py,16920,396,45e17df11271fa8b8d7ce402668ad26a9c81849069a9d26b5f726d49e1deb858,ARŞİV,true,unverified,,Sürümlenmiş veya legacy dosya; erişilebilirlik doğrulanmalı
taramabot,taramabot/historical_exit_optimize.py,.py,10389,290,6605a9bc86b4f5aebc1cf71051abb26b560a76fc6cc4359ba466dfdc66e4b269,İNCELE,false,unverified,,Dosya bazlı karar gerekli
taramabot,taramabot/historical_incremental_refresh.py,.py,7881,238,9a061953088619ee0b8b876be3cec8ac387a1b16a7c1d93c58664d21827eaa57,İNCELE,false,unverified,,Dosya bazlı karar gerekli
taramabot,taramabot/historical_period_cost_sensitivity.py,.py,5501,147,77ba7f057007661df2ffc52695ebe30497a12e2294858ebebc63c32e68b9ac73,İNCELE,false,unverified,,Dosya bazlı karar gerekli
taramabot,taramabot/historical_period_refresh.py,.py,5622,157,12ecb98c08343b225e7ccbe952f7cbf4dbd2f0887d1edc894b9a127114bf9fd4,İNCELE,false,unverified,,Dosya bazlı karar gerekli
taramabot,taramabot/historical_profile_sender.py,.py,17530,400,cd6d655103eeef6feae9a97ee1e5d36017ef932ce55ffff630be5ce94e94d5f5,İNCELE,false,unverified,,Dosya bazlı karar gerekli
taramabot,taramabot/HISTORICAL_PROFILES.md,.md,3692,84,81fe5cf6d2e0a279023930d3fde99db37f578480af1e84ac34c0ee0dc0af6731,İNCELE,false,unverified,,Dosya bazlı karar gerekli
taramabot,taramabot/historical_replay.py,.py,7034,188,82a4212fb4984434e8e921e1f7653c2a3f77dda023bf04055610c5a5aeef683c,İNCELE,false,unverified,,Dosya bazlı karar gerekli
taramabot,taramabot/indicators.py,.py,16175,506,4effb77df585f3c21e615302876c8e9a96151f667f547e2c036034f2081d8b9a,BİRLEŞ,false,unverified,,Feature implementasyonu ve parity adayı
taramabot,taramabot/individual_scanners/scan_ema.py,.py,2277,59,344488aa8a43bf3acf6bf99e3b1f9340382db29ecea64694a0c77f560613c768,BÖL,false,unverified,,"Veri çekme, hesap ve teslimat sorumlulukları ayrılmalı"
taramabot,taramabot/individual_scanners/scan_macd_cross.py,.py,2296,59,0605532b60473cfcd4a9af1cf65985766bce891600827038900f7b4cca3dd193,BÖL,false,unverified,,"Veri çekme, hesap ve teslimat sorumlulukları ayrılmalı"
taramabot,taramabot/individual_scanners/scan_new_scan.py,.py,2294,59,67097f09a99cda24ec658ae9571eeefabdbc555edce1357018d102e7ac311688,BÖL,false,unverified,,"Veri çekme, hesap ve teslimat sorumlulukları ayrılmalı"
taramabot,taramabot/individual_scanners/scan_rsi.py,.py,2277,59,980792828c3da12561539bf09a06e8144c1ff6fa968dc025da6827ce80cd0fdb,BÖL,false,unverified,,"Veri çekme, hesap ve teslimat sorumlulukları ayrılmalı"
taramabot,taramabot/individual_scanners/scan_rsi_macd.py,.py,2294,59,fb430f1519dbaf677cffda7bc1e496f2714e9f564515f47bed50bdf82c26fb48,BÖL,false,unverified,,"Veri çekme, hesap ve teslimat sorumlulukları ayrılmalı"
taramabot,taramabot/individual_scanners/scan_smi_macd.py,.py,2403,60,1e512940f252b65e72cec341f853ce18f575714a633dbe3a2405c4f24e51d0f5,BÖL,false,unverified,,"Veri çekme, hesap ve teslimat sorumlulukları ayrılmalı"
taramabot,taramabot/institutional_stock_report.py,.py,13255,239,ba06ba99b160cb96ff2d88f78a8f0202fd9638e244b17dc9081c523447878dbc,İNCELE,false,unverified,,Dosya bazlı karar gerekli
taramabot,taramabot/intraday_historical_replay.py,.py,8572,213,7f7d9fbb45b5203ea1bf3963e36d9803f23dc7786f004bd373f40bc0ac8f3cb4,İNCELE,false,unverified,,Dosya bazlı karar gerekli
taramabot,taramabot/intraday_profile_calibration.py,.py,11415,270,24ad1051c17a575a275cbfecaa3736fea6217352006345cd47c21fbf24c78079,İNCELE,false,unverified,,Dosya bazlı karar gerekli
taramabot,taramabot/long_history_cost_sensitivity.py,.py,10332,250,1309b8014c3e6a05e6f8dc3bbe6b740d5ce7bd529bd54c7660e5ffd6abf4c800,İNCELE,false,unverified,,Dosya bazlı karar gerekli
taramabot,taramabot/main.py,.py,207,8,bf408cc1757309d12172e61f99afec9e581be6ba94d14e0b1e01355ae8c193cb,İNCELE,false,unverified,,Dosya bazlı karar gerekli
taramabot,taramabot/main_enhanced.py,.py,13899,369,b6797d376745777b777f63bcfb9f9c26bd031fa6809da6b92f8c9901509454a1,İNCELE,false,unverified,,Dosya bazlı karar gerekli
taramabot,taramabot/main_legacy.py,.py,13670,356,80fef21b98ccad20ff37d288409aa8b5849e97ce1a9032da4c429f053a6c76c0,ARŞİV,true,unverified,,Sürümlenmiş veya legacy dosya; erişilebilirlik doğrulanmalı
taramabot,taramabot/market_data_refresh.py,.py,12703,327,ad18022ccd6de6a2375fdce34e26b34f7d658f1c665b73e45ca22aeef24707f5,İNCELE,false,unverified,,Dosya bazlı karar gerekli
taramabot,taramabot/market_data_store.py,.py,13205,362,c904ac3813d7769e1c3e6db64cbd2a1a33980f892a58e9e05aeaafde8ee519dc,İNCELE,false,unverified,,Dosya bazlı karar gerekli
taramabot,taramabot/merge_symbol_profiles.py,.py,4271,108,7cc92e253a2d86c26c9efbaf028fe77e003336329d17441bf0fe0f0a35a61053,İNCELE,false,unverified,,Dosya bazlı karar gerekli
taramabot,taramabot/monthly_symbol_profiles.py,.py,2594,60,8101299e9700041b29ce4051b1b76cb21d7bd6aa616a45cd86ad9ee1533c0593,İNCELE,false,unverified,,Dosya bazlı karar gerekli
taramabot,taramabot/mtf_15m_edge.py,.py,8634,215,244f6d77a92e2198360eaf71fc3cd85f0dc244f6a88b0a9ca61d802ebc34148c,İNCELE,false,unverified,,Dosya bazlı karar gerekli
taramabot,taramabot/multi_timeframe_context.py,.py,12446,257,1f4d368fa9a34566a88888ba14a403fae3fc2b296c259ffc10824bc1205570ec,İNCELE,false,unverified,,Dosya bazlı karar gerekli
taramabot,taramabot/parallel_snapshot_scan.py,.py,10631,275,dbd24843a7303664ee07a150f2a18d096e1c4240454356412606ae16472306e9,BÖL,false,unverified,,"Veri çekme, hesap ve teslimat sorumlulukları ayrılmalı"
taramabot,taramabot/performance_image.py,.py,8945,218,c751801e96e088d93af8da2ff21a68f68b1b416fb308028fc14f470e25e0d00a,İNCELE,false,unverified,,Dosya bazlı karar gerekli
taramabot,taramabot/performance_report.py,.py,16360,420,1443aca28c958144f701ef30c509d0c179aeca0fee2ee5c0eb62619c7dad5bce,İNCELE,false,unverified,,Dosya bazlı karar gerekli
taramabot,taramabot/pine/BIST_A_I_Parity_v1_4.pine,.pine,14881,,9be7f0e5d2ec8ce5d95bf1a726293ddd1bc1ade326512c09186c7757c4fdb5de,ARŞİV,true,unverified,,Sürümlenmiş veya legacy dosya; erişilebilirlik doğrulanmalı
taramabot,taramabot/production_4h.py,.py,10459,288,e1b6131402dc52a2d42f337c00c7109cc1421f490df4b649839371ed36e3ceb0,İNCELE,false,unverified,,Dosya bazlı karar gerekli
taramabot,taramabot/production_4h_visual.py,.py,10551,212,200f674b9de7df430b20dde66329724876424e09b2ccb6f2d20790c5917020a2,İNCELE,false,unverified,,Dosya bazlı karar gerekli
taramabot,taramabot/README.md,.md,9354,170,0b7a69ce4fa418651ae1792d5fc8190cad4fa3ad675e6cedbf8ac93821a622fc,İNCELE,false,unverified,,Dosya bazlı karar gerekli
taramabot,taramabot/rebuild_live_snapshot_from_history.py,.py,3977,104,4cf1cc63f54c3fd877e1dfcf8dd5b1bdc1d314a8cdd89b3d4602200007044e35,İNCELE,false,unverified,,Dosya bazlı karar gerekli
taramabot,taramabot/REHBER.md,.md,3963,100,47f622db3e07348f2a992ae81045d31dfa638b0099d8a898b95fb8893b38a203,İNCELE,false,unverified,,Dosya bazlı karar gerekli
taramabot,taramabot/report_quality.py,.py,5588,152,3697f98effebf5a12d5ba33bb69210552748045fe768c72f4ab3e2c31d1b9503,İNCELE,false,unverified,,Dosya bazlı karar gerekli
taramabot,taramabot/requirements-cached-scan.txt,.txt,240,10,35e0499c0d5a2e3199f0edb13a26a88347a45326cbccc1f3a859156ffb02f2e7,BÖL,false,unverified,,"Veri çekme, hesap ve teslimat sorumlulukları ayrılmalı"
taramabot,taramabot/requirements-decision-panel.txt,.txt,84,5,a5be2633c2f9c3b0b53f5b9812469b972da2fcf201bee7f96c5f5a3a3d2b31d4,BİRLEŞ,false,unverified,,Kök bağımlılık ve lock stratejisine alınmalı
taramabot,taramabot/requirements.txt,.txt,330,14,bbe70b20774de2b1bd0b95690b5026ffd26bce9934d5513716d4da1bbefa76ea,BİRLEŞ,false,unverified,,Kök bağımlılık ve lock stratejisine alınmalı
taramabot,taramabot/research/decision_panel_v645_fixed_compare_2026-09-04.json,.json,2770,89,4300bbbd0b5f568527c9bf919605326f09612bcb4c0ee6ef1b1cad92c8a86940,ARŞİV,true,unverified,,Sürümlenmiş veya legacy dosya; erişilebilirlik doğrulanmalı
taramabot,taramabot/research/decision_panel_v645_summary_2026-09-04.json,.json,1346,38,0763285b5afbcfb7b78753cb82ef60bd15da47d28db021dd93304996894d0d17,ARŞİV,true,unverified,,Sürümlenmiş veya legacy dosya; erişilebilirlik doğrulanmalı
taramabot,taramabot/research/long_history_baseline_summary_2026-09-04.json,.json,1561,17,329d242937db409e03f9a17311b737f0524643356a8c9329f4485be80c0f900d,İNCELE,false,unverified,,Dosya bazlı karar gerekli
taramabot,taramabot/research/oos_cost_sensitivity_summary_2026-09-05.json,.json,3660,30,3790dc326193d89e182c3185d9863cc4ee5424946de25dc20310b327bc11f1f3,İNCELE,false,unverified,,Dosya bazlı karar gerekli
taramabot,taramabot/scanner.py,.py,124,3,cd0af3ec7aea38755ce24dff309e3a47fbddbfe206a892d544fdb9be32d86dde,BÖL,false,unverified,,"Veri çekme, hesap ve teslimat sorumlulukları ayrılmalı"
taramabot,taramabot/scanner_enhanced.py,.py,2589,61,5d573b3924bcfa412fbbe244015c4ccd120ed3749b426c6b0db9989ec63190df,BÖL,false,unverified,,"Veri çekme, hesap ve teslimat sorumlulukları ayrılmalı"
taramabot,taramabot/scanner_legacy.py,.py,23102,459,1e2f2b37195b93b9e1fa4c44113185b8cd4d2aba4d7af3247cfde422ed2db0a2,ARŞİV,true,unverified,,Sürümlenmiş veya legacy dosya; erişilebilirlik doğrulanmalı
taramabot,taramabot/scheduler.py,.py,7207,191,48844fa934844978d841bb8e75f59d757925f6ccc7c472b2380db27de496c552,İNCELE,false,unverified,,Dosya bazlı karar gerekli
taramabot,taramabot/screenshot.py,.py,10690,295,bc32e56dbd188f4a5901c0254e3b7b13db11a9458436789f16e230f165f56782,İNCELE,false,unverified,,Dosya bazlı karar gerekli
taramabot,taramabot/signal_forward_edge.py,.py,7101,160,2040905e39d71057ec5c0356b7e33a96cc649cc0a087836cfb08108fb41e1249,İNCELE,false,unverified,,Dosya bazlı karar gerekli
taramabot,taramabot/signal_parity.py,.py,11294,307,2129c753f0dbaadbdf03eecf90d2495b63615caa9a38dc10f1af55f6be4f88ac,İNCELE,false,unverified,,Dosya bazlı karar gerekli
taramabot,taramabot/state.json,.json,5940785,226661,c651d177d912527c49d0e447567fb65a334de18efcb5cccf86fd5287dde37c46,GÖÇ,false,unverified,,Çalışma zamanı durumu Result Store'a taşınmalı
taramabot,taramabot/state_merge.py,.py,4698,135,8495e6944d03bd4523af2a425591cf98e97813a17cee09c23159963df0d6db6e,İNCELE,false,unverified,,Dosya bazlı karar gerekli
taramabot,taramabot/strategy_exit_profiles.py,.py,7719,199,63a8aef73f9d612bcc419696481ec9f270f884382a2ff88b44f56d2519e148df,İNCELE,false,unverified,,Dosya bazlı karar gerekli
taramabot,taramabot/strategy_optimizer.py,.py,9198,215,83666c7724f5ecb87729bab3889a0592cb79641a78f0866bb2536d01d51fb2be,İNCELE,false,unverified,,Dosya bazlı karar gerekli
taramabot,taramabot/symbol_historical_profiles.py,.py,12948,326,769a9f3b452db069956429a61fc3ecca75cd27228d828effac34a87551e32860,İNCELE,false,unverified,,Dosya bazlı karar gerekli
taramabot,taramabot/telegram_sender.py,.py,137,3,a5ee9a6e7013cf7ee580ddaed7af5788b07c1c563a308ec934593bf1214d89b1,BİRLEŞ,false,unverified,,Merkezi listener/publisher/outbox sınırına taşınmalı
taramabot,taramabot/telegram_sender_enhanced.py,.py,7485,127,a3246df7abd1fee42bc1252111df957be6089ed66d62d485d090c234c2355ab7,BİRLEŞ,false,unverified,,Merkezi listener/publisher/outbox sınırına taşınmalı
taramabot,taramabot/telegram_sender_legacy.py,.py,38046,844,1bcec707829282b7ab16f69a3212b5dbdf0e0f8e779831a7adda567fea3b5c0b,ARŞİV,true,unverified,,Sürümlenmiş veya legacy dosya; erişilebilirlik doğrulanmalı
taramabot,taramabot/telegram_sender_private.py,.py,4858,140,2d77fad43c4adb9b953ee28c95f6fba76e9cfb3eaa4953e784f8d1a14930a666,BİRLEŞ,false,unverified,,Merkezi listener/publisher/outbox sınırına taşınmalı
taramabot,taramabot/test_decision_panel_snapshot.py,.py,3661,101,423489c66871fa2c080abcdc479241e9747d3ac0035c355b5b891a522f2c8986,TAŞI,false,unverified,,Parity/golden test kaynağı
taramabot,taramabot/test_market_data_store.py,.py,3429,92,24e16c03dd2412a42cef4c6a9784eb4ea6f58272062cdeb4cea693101ef08266,TAŞI,false,unverified,,Parity/golden test kaynağı
taramabot,taramabot/tests/test_decision_panel_v645.py,.py,4991,113,21df472300a2de8814a4fe60d21b2ab2a676b0f1472852738cfa2d1738270386,TAŞI,false,unverified,,Parity/golden test kaynağı
taramabot,taramabot/tests/test_fundamental_data_pipeline.py,.py,3143,61,c402a3fbb6b52adc0d1a4d74b840b6d4584514ccb2a2bb0d9aaa3befd015940b,TAŞI,false,unverified,,Parity/golden test kaynağı
taramabot,taramabot/tests/test_fundamental_score.py,.py,1990,51,701cf181ef2b63a87c37a4c7dc1674f9e3f7381e712de38bd945e2057c7bfe49,TAŞI,false,unverified,,Parity/golden test kaynağı
taramabot,taramabot/tests/test_institutional_stock_report.py,.py,875,16,4ebe41ef76ffcf004d2106cf2ed5db8dc136e709b1fd06f6a19fdaebc8bc3971,TAŞI,false,unverified,,Parity/golden test kaynağı
taramabot,taramabot/tests/test_multi_timeframe_context.py,.py,2199,60,cd35dc70fbb80e25acf0afb0b3b2b5fa23a567ec45cf2b7caa0f91bc0a8f12ea,TAŞI,false,unverified,,Parity/golden test kaynağı
taramabot,taramabot/tests/test_production_4h.py,.py,2723,67,3daf76b4a32dac79592a559e888ef4898895c99d9aacbb37a07c203e51c8a888,TAŞI,false,unverified,,Parity/golden test kaynağı
taramabot,taramabot/tests/test_production_4h_visual.py,.py,1605,36,6039ec2627f5e5835241c36d955afbe9cb3a298f34214cb63c66e34ec4885ca1,TAŞI,false,unverified,,Parity/golden test kaynağı
taramabot,taramabot/tests/test_risk_engine.py,.py,7442,156,add7a5470a4305a7ffa38768e0eb46422089515e7c0aa12e78cbbde3074d7bd9,TAŞI,false,unverified,,Parity/golden test kaynağı
taramabot,taramabot/timeframe_forward_edge.py,.py,6535,150,9dd691e137289bf7c41c79669038c43c3970dca06e62e0c57cc31bf78265432d,İNCELE,false,unverified,,Dosya bazlı karar gerekli
taramabot,taramabot/timeframe_research_summary.py,.py,11661,318,2f46ae0c23efd923873690188c114b32e54f14c46f0a8022a02df6fa0a6e89b6,İNCELE,false,unverified,,Dosya bazlı karar gerekli
taramabot,taramabot/trade_backtester.py,.py,8855,250,863e4593223a5e8717bf6dcd245c2b52020bbc94dee5f51ac9219b5fe1572224,İNCELE,false,unverified,,Dosya bazlı karar gerekli
taramabot,taramabot/trade_ledger.py,.py,7500,185,1552ff520ebf8b488a2b49bd718c0e7953b95d9849a37176986904b55ed16e19,İNCELE,false,unverified,,Dosya bazlı karar gerekli
taramabot,taramabot/update_symbols.py,.py,894,27,38a6dde2a019e0ff78086d414413a11b255aeedc72d05cc7dbacc2873744bf34,İNCELE,false,unverified,,Dosya bazlı karar gerekli
taramabot,taramabot/validate_live_snapshot_integrity.py,.py,4749,119,80d5dabb1a95180419071566d92b98a3d5e71d0a0c09acec1b0e66a750e54003,İNCELE,false,unverified,,Dosya bazlı karar gerekli
taramabot,taramabot/validate_scan_coverage.py,.py,2471,72,1c5ec93c92a9231f0f6ae8d814eec7be20190f4f3ef53eca4edb91b5c137c3f0,BÖL,false,unverified,,"Veri çekme, hesap ve teslimat sorumlulukları ayrılmalı"
taramabot,taramabot/validate_signal_parity.py,.py,5841,147,8718653e45e6521557b4b3f3fe0b75610fcddc3ef4e9ba3502aa7d0aa39ac500,İNCELE,false,unverified,,Dosya bazlı karar gerekli
taramabot,taramabot/verify_daily_g_parity.py,.py,2376,71,e38863c8ead1a2b10b272eec6c68e6f89e667acf31cb3bdbcf06e76a2c1e39e8,İNCELE,false,unverified,,Dosya bazlı karar gerekli
taramabot,taramabot/weekly_report.py,.py,1409,41,049888e2c130f1eeff788da2cfa73d433a60031e6f14c4fbdae7c8acd1bddf1c,İNCELE,false,unverified,,Dosya bazlı karar gerekli
tradingview-haber-botu,tradingview-haber-botu/.github/workflows/tradingview-news.yml,.yml,3076,91,598912113389f8e36f03c10be081c2ade68c83c23345bfa53b41aaecc2a94bf7,ARŞİV,false,unverified,,Merkezi CI/batch workflow ile karşılaştırılmalı
tradingview-haber-botu,tradingview-haber-botu/.gitignore,,27,,668fa3394c722113ace6db5dfa83f3510c742e632be72e272d71d28a82abe052,İNCELE,false,unverified,,Dosya bazlı karar gerekli
tradingview-haber-botu,tradingview-haber-botu/investor_takeaway.py,.py,7540,213,7ae474916efd53cc1e2c8d73a5f115e9d5e59de6e3785b84e856e075b1d200b8,İNCELE,false,unverified,,Dosya bazlı karar gerekli
tradingview-haber-botu,tradingview-haber-botu/news_bot.py,.py,24864,589,54fe21578b6bdbb50ba41d717dfabc77a764efc73b11f48a87b01f6188125a06,İNCELE,false,unverified,,Dosya bazlı karar gerekli
tradingview-haber-botu,tradingview-haber-botu/news_bot_v10.py,.py,8578,238,eeb57abeb893a31cf6b53beeed83d7a364cd1718d41c838682da0879666b043b,ARŞİV,true,unverified,,Sürümlenmiş veya legacy dosya; erişilebilirlik doğrulanmalı
tradingview-haber-botu,tradingview-haber-botu/news_bot_v11.py,.py,2723,76,ef727230fb0c2f9a03c3906f2ae34f95546d3e0b7771cb703cdc2c562b410c20,ARŞİV,true,unverified,,Sürümlenmiş veya legacy dosya; erişilebilirlik doğrulanmalı
tradingview-haber-botu,tradingview-haber-botu/news_bot_v4.py,.py,20245,564,c8c62b10527976298e9a52055650a0a98c60ee3c90a39ec9a54dcf5f663da066,ARŞİV,true,unverified,,Sürümlenmiş veya legacy dosya; erişilebilirlik doğrulanmalı
tradingview-haber-botu,tradingview-haber-botu/news_bot_v5.py,.py,13681,352,bd1af4756db3900a3f28c6c543dd313f4121ab02667f610597c6eeaecd955d56,ARŞİV,true,unverified,,Sürümlenmiş veya legacy dosya; erişilebilirlik doğrulanmalı
tradingview-haber-botu,tradingview-haber-botu/news_bot_v6.py,.py,29970,725,ed1af29638e70afbec85bb1b4c7280bd9c419640d430894fd6f94d92169590b8,ARŞİV,true,unverified,,Sürümlenmiş veya legacy dosya; erişilebilirlik doğrulanmalı
tradingview-haber-botu,tradingview-haber-botu/news_bot_v7.py,.py,10609,294,30286fd3e5b336af319d6a0595802de68dc564d972f914962b71e82fd25f1139,ARŞİV,true,unverified,,Sürümlenmiş veya legacy dosya; erişilebilirlik doğrulanmalı
tradingview-haber-botu,tradingview-haber-botu/news_bot_v8.py,.py,15834,458,d4112a35303b21203bab4efb1ba231393c0c5736ea6e90fce91d816b6f956d2a,ARŞİV,true,unverified,,Sürümlenmiş veya legacy dosya; erişilebilirlik doğrulanmalı
tradingview-haber-botu,tradingview-haber-botu/news_bot_v9.py,.py,13284,343,963d524d0ff3c2630e7d2c621047f1565efa270574a1cd8aaf74fb652cbe725e,ARŞİV,true,unverified,,Sürümlenmiş veya legacy dosya; erişilebilirlik doğrulanmalı
tradingview-haber-botu,tradingview-haber-botu/news_cache.json,.json,163748,2594,dac43d822101179cc22928e47121b00871f800a4b84f7f7059ad00b2963c0a08,GÖÇ,false,unverified,,Çalışma zamanı durumu Result Store'a taşınmalı
tradingview-haber-botu,tradingview-haber-botu/README.md,.md,2963,84,96edeee65107b7dd6a562f5fcc33cd83cab2416a76ea83ad3c0f4fbba15ce901,İNCELE,false,unverified,,Dosya bazlı karar gerekli
tradingview-haber-botu,tradingview-haber-botu/requirements.txt,.txt,57,3,22326cde2a6d9023a84f5f599c4de9f5aabef373863620276792ac0effa6375a,BİRLEŞ,false,unverified,,Kök bağımlılık ve lock stratejisine alınmalı
tradingview-haber-botu,tradingview-haber-botu/research_summary.py,.py,7820,212,9807f532753acc95bba763fa05a515270202b41fadad42ff1570ef6f43345f25,İNCELE,false,unverified,,Dosya bazlı karar gerekli
tradingview-haber-botu,tradingview-haber-botu/test_news_bot.py,.py,2630,75,eb4eb69ec16de4c4cf266d9ea9a459fd0460b6d1b150ce684329903f4cbe8d12,TAŞI,false,unverified,,Parity/golden test kaynağı
tradingview-haber-botu,tradingview-haber-botu/test_news_sources.py,.py,7019,180,b4b5a872c51e304946bedb60d6da5878499568d36a54f0d30040501245d5e7b7,TAŞI,false,unverified,,Parity/golden test kaynağı
tradingview-haber-botu,tradingview-haber-botu/test_news_v10.py,.py,3742,88,8a43dd70c5bb0fa912170a06b9b8eb0d77870ea8a90e8cd628ef8c0af4a29454,TAŞI,false,unverified,,Parity/golden test kaynağı
tradingview-haber-botu,tradingview-haber-botu/test_news_v11.py,.py,4000,94,e7fdcad9a1feb0fdfe329c9fbd972a675e1e829d2c534b2a81095e9f02e840d6,TAŞI,false,unverified,,Parity/golden test kaynağı
tradingview-haber-botu,tradingview-haber-botu/test_news_v8.py,.py,4106,102,123f18d5418df9c4a136b721f7f505100166bd75e69e70a5beace40351cf440b,TAŞI,false,unverified,,Parity/golden test kaynağı
tradingview-haber-botu,tradingview-haber-botu/test_news_v9.py,.py,3772,87,ad24dbde49ccdd1a5eb4518859b678e4f4ecd90b15dcce9d044d288aabeef54a,TAŞI,false,unverified,,Parity/golden test kaynağı
tradingview-haber-botu,tradingview-haber-botu/tv_news_bot.py,.py,12563,371,f7a2a33a04b5860c22cfc4cef3e82d6420133b91f54d9bb4dadcaa0bc930f15c,İNCELE,false,unverified,,Dosya bazlı karar gerekli
tradingview-haber-botu,tradingview-haber-botu/tv_news_cache.json,.json,30633,506,e4a4fa6cf5c47a5d6145e4d034e0a652d002bccb063b0c8965e0e76d1ab78cb3,İNCELE,false,unverified,,Dosya bazlı karar gerekli
